id, first name, last name, departmetn, salary
100,Candy,Uund,Sales,3438
101,Ana,Thilda,Production,4510
1001,E1,E1,IT,1000
1001,E2,E2,IT,2000
102,Marline,Berard,Production,1515
103,Violet,Gregrory,Marketing,4962
104,Jorry,Kosey,Sales,1061
105,Kittie,Atcliffe,Marketing,4861
106,Nananne,Cynar,Marketing,4678
107,Sashenka,Merat,Production,5000
107,Lazni Sashenka,Lazni Merat,Production,5000
108,Lita,Oneida,Production,4483
109,Miquela,Regan,Sales,2377
110,Max,Helfand,Marketing,2662
111,Averyl,Rad,Marketing,4253
112,Catrina,Neils,Production,1101
113,Agathe,Morehouse,Production,4935
114,Tatiania,Pernick,Production,4030
115,Wendi,Michella,Sales,4721
116,Edee,Rudolph,Production,4040
117,Ariela,Friede,Production,1680
118,Lindie,Jammal,Sales,1973
119,Wileen,Manolo,Marketing,4572
120,Tobe,Jarib,Production,3951
121,Tina,Douglass,Marketing,1624
122,Daune,Marisa,Production,4718
123,Cacilie,Colleen,Production,1933
124,Brietta,Juan,Production,2689
125,Stephanie,Hollingsworth,Sales,3949
126,Sharlene,Weinreb,Production,2827
127,Sindee,Goth,Production,1201
128,Kaia,Torray,Marketing,1224
129,Danny,Fancie,Marketing,3311
130,Aili,Syd,Sales,2510
131,Darlleen,Lail,Marketing,3071
132,Anica,Brunell,Sales,3550
133,Marti,Hortensia,Sales,2686
134,Ardenia,Bow,Sales,3871
135,Nicoli,Eldrid,Sales,2332
136,Brietta,Nunci,Production,3622
137,Violet,Santoro,Sales,1732
138,Ermengarde,Hailee,Production,4364
139,Meghann,Wilona,Sales,2388
140,Ana,Lalitta,Production,2606
141,Jillayne,Brenn,Sales,2740
142,Di,Ethban,Marketing,1849
143,Shandie,Honoria,Production,2199
144,Marti,Naor,Marketing,3013
145,Tonia,Saree,Marketing,4826
146,Tina,Holtz,Production,3985
147,Ericka,Cleavland,Sales,3487
148,Sabina,Germann,Production,1945
149,Basia,Garek,Marketing,2558
150,Janey,Vanni,Marketing,4958
151,Janenna,Baudin,Marketing,3999
152,Carree,Curren,Production,1748
153,Susan,Gilbertson,Marketing,3455
154,Gilda,Ulphia,Marketing,1845
155,Marti,Iiette,Production,3798
156,Alexine,Bigner,Production,3836
157,Thalia,Minetta,Marketing,2531
158,Ericka,Teddman,Marketing,2536
159,Rosene,Cottle,Marketing,1468
160,Ardeen,Sherfield,Marketing,3906
161,Dolli,Hartnett,Production,3730
162,Merci,LaRue,Marketing,2366
163,Johna,Rocray,Marketing,2416
164,Cristine,Rosalba,Production,4239
165,Jolyn,Annice,Marketing,2878
166,Misha,Wattenberg,Production,2786
167,Minne,Bury,Production,1036
168,Micheline,Oscar,Production,2643
169,Susette,Sundin,Sales,2291
170,Pollyanna,Koziara,Production,4541
171,Jan,Hillel,Production,2029
172,Dede,Maroney,Production,2516
173,Halette,Jarib,Sales,3668
174,Leona,Tiffa,Production,1302
175,Jackie,Fairweather,Production,4071
176,Lorie,Roxanna,Marketing,4230
177,Ingrid,Carmena,Sales,1344
178,Adriana,Penelopa,Marketing,3618
179,Edyth,Sekofski,Production,4029
180,Suzette,Cookie,Production,1431
181,Madelle,Dominy,Production,3231
182,Candi,Aloise,Sales,3169
183,Shel,Sheng,Production,4594
184,Debee,Marisa,Marketing,3615
185,Allyce,Melony,Marketing,2641
186,Ebonee,Blisse,Marketing,2086
187,Gabriellia,Girardo,Marketing,4495
188,Dione,Lacombe,Marketing,1280
189,Heddie,Marisa,Production,1807
190,Carly,Dudley,Production,4119
191,Catharine,Concha,Production,2038
192,Louella,Secrest,Sales,1449
193,Alia,Daegal,Production,4766
194,Edee,Berard,Marketing,4424
195,Bobinette,Travax,Marketing,4703
196,Noelle,Fink,Production,3075
197,Elfreda,Wenoa,Marketing,1237
198,Cyb,Joeann,Production,4817
199,Michaelina,Gaynor,Production,3291
200,Benita,Abbot,Production,1579
201,Tori,Beniamino,Sales,3231
202,Inga,Liva,Production,1039
203,Odessa,Loleta,Production,3493
204,Shel,Gaal,Sales,2412
205,Benita,Tufts,Sales,2812
206,Siana,Gilbertson,Sales,4240
207,Latisha,Norvol,Marketing,4311
208,Tori,Karl,Marketing,4530
209,Thalia,Cassius,Production,3588
210,Elka,Rudolph,Production,1929
211,Angelique,Jobi,Production,2741
212,Coral,Latini,Production,1785
213,Hallie,Bobbee,Marketing,1779
214,Esmeralda,Gilbertson,Marketing,2639
215,Diena,Durante,Marketing,3167
216,Margalo,Podvin,Production,3034
217,Stacey,Even,Sales,3973
218,Mallory,Raychel,Production,2018
219,Dolli,Bow,Marketing,2616
220,Leontine,Hylan,Marketing,1068
221,Marline,Martsen,Sales,4957
222,Juliane,Brotherson,Marketing,1611
223,Susette,Fredi,Sales,3156
224,Dianemarie,Wilona,Sales,3401
225,Lauryn,Chabot,Production,2012
226,Malina,Kiersten,Production,1238
227,Gerrie,Westphal,Production,4197
228,Aeriela,Dosia,Production,4978
229,Konstance,Lilybelle,Production,3369
230,Gwyneth,Pulsifer,Marketing,3871
231,Minne,Read,Production,3032
232,Drucie,Lory,Sales,2777
233,Talya,Armanda,Sales,4857
234,Sharlene,Casimir,Production,2100
235,Tami,Johnsson,Marketing,4809
236,Kara-Lynn,Vale,Marketing,1731
237,Reeba,Mehalek,Marketing,2085
238,June,Blase,Production,3934
239,Gale,Francene,Marketing,2924
240,Ernesta,Fontana,Marketing,1673
241,Berta,Borrell,Production,3890
242,Rivalee,Suanne,Sales,1419
243,Karlee,Tatianas,Production,4633
244,Cathyleen,Clie,Production,4439
245,Annaliese,Ursulette,Marketing,2714
246,Carolina,Harned,Marketing,3272
247,Tatiania,Claudine,Marketing,4176
248,Carol-Jean,Huggins,Production,3329
249,Rozele,Stuart,Production,1916
250,Sindee,Anderea,Production,1666
251,Glynnis,Telfer,Production,1742
252,Courtnay,Johanna,Sales,1971
253,Aurelie,Joseph,Sales,4026
254,Lilith,Lynn,Production,3238
255,Cordi,Henrie,Marketing,1665
256,Nickie,Quent,Sales,4348
257,Sean,Jenness,Marketing,3459
258,Halette,Durante,Production,1343
259,Ann-Marie,Cherianne,Sales,2587
260,Margette,McGrody,Production,1215
261,Winny,Kelula,Production,3867
262,Elbertina,Velick,Production,1132
263,Allyce,Wolfgram,Production,2795
264,Susette,Henebry,Production,3865
265,Di,Louanna,Marketing,3398
266,Beverley,Honoria,Sales,2010
267,Asia,Johnsson,Production,2805
268,Elena,Annabella,Production,1475
269,Fanchon,Noam,Production,3055
270,Diena,Cohdwell,Marketing,3027
271,Doralynne,Tillford,Sales,4060
272,Belinda,Wildermuth,Marketing,1519
273,Deedee,Standing,Production,1425
274,Raina,Lorenz,Production,3706
275,Catharine,Bord,Production,3148
276,Inga,Bultman,Sales,2816
277,Fredericka,Gavrila,Sales,3079
278,Margalo,Edison,Sales,4915
279,Zsa Zsa,Rozanna,Production,1231
280,Adele,Warthman,Sales,4973
281,Frances,Delp,Marketing,4654
282,Steffane,Elbertina,Sales,4140
283,Jemie,Baudin,Marketing,2807
284,Melina,Parette,Production,2187
285,Elvira,Thomasina,Production,1286
286,Esmeralda,Hanleigh,Production,3447
287,Cordi,Harriman,Marketing,2515
288,Laure,Catie,Marketing,3118
289,Georgetta,Lytton,Production,1454
290,Randa,Means,Sales,4954
291,Sue,Wilkinson,Marketing,2835
292,Fayre,Bevin,Production,2209
293,Rivalee,Wattenberg,Marketing,1816
294,Mathilda,Clywd,Marketing,2107
295,Sissy,Stelle,Marketing,3452
296,Zaria,Alfons,Marketing,2567
297,Coral,Goth,Marketing,1867
298,Lory,Herrera,Sales,4830
299,Ricky,Orelee,Sales,2749
300,Heida,Lorain,Sales,3969
301,Blake,Valoniah,Sales,1058
302,Melodie,Obed,Sales,2903
303,Silvana,Luhe,Marketing,4021
304,Arabel,Paine,Production,4702
305,Peri,Boehike,Sales,3992
306,Evita,Ranjiv,Sales,3840
307,Dorothy,Willie,Production,2943
308,Phylis,Eldrid,Marketing,2029
309,Farrah,Aloise,Sales,2060
310,Elena,Erich,Marketing,3054
311,Rosaline,Nance,Marketing,1568
312,Quintina,Ellerey,Marketing,2131
313,Ethel,Dash,Sales,1090
314,Lanae,Ferino,Sales,1829
315,Larine,Konyn,Production,4956
316,Blondelle,Jobi,Sales,1566
317,Sabina,Albertine,Production,3876
318,Tonia,Stacy,Sales,2005
319,Clarice,Japeth,Marketing,3437
320,Concettina,Ambrosia,Production,2536
321,Hettie,Mendez,Sales,4838
322,Caressa,Bluh,Marketing,2663
323,Elise,Frodi,Marketing,4030
324,Adore,Hailee,Marketing,3767
325,Genevra,Pond,Marketing,3096
326,Farrah,Gemini,Sales,2549
327,Dione,Salvidor,Marketing,1840
328,Deloria,Thomasina,Marketing,4190
329,Desirae,Gerge,Production,1750
330,Brietta,Loleta,Marketing,1902
331,Emilia,Kermit,Sales,4630
332,Gretal,Pacorro,Sales,4226
333,Nadine,Bebe,Production,3614
334,Fina,Velick,Sales,1606
335,Aurore,Clywd,Marketing,4291
336,Felice,Paton,Sales,2682
337,Felice,Corrine,Production,1665
338,Millie,Chem,Production,3623
339,Jeanna,Milson,Sales,1875
340,Dyann,Olympium,Production,2190
341,Abbie,Holtz,Sales,4287
342,Noelle,Greenwald,Marketing,1153
343,Steffane,Gaulin,Marketing,4140
344,Valera,Elsinore,Production,4105
345,Laurene,Viddah,Production,3321
346,Jacquetta,Mayeda,Sales,2100
347,Morganica,Salvidor,Production,4460
348,Jorry,Elo,Sales,2968
349,Kary,Simmonds,Marketing,2039
350,Berget,Valerio,Marketing,3593
351,Caryl,Agle,Marketing,2262
352,Fredericka,Vacuva,Sales,3998
353,Valli,Yerkovich,Sales,1020
354,Leia,Haldas,Marketing,3840
355,Chandra,Jethro,Production,4891
356,Dagmar,Adrienne,Production,2840
357,Candy,Ledah,Sales,1758
358,Dede,Wattenberg,Sales,1383
359,Hyacinthe,Vins,Sales,2535
360,Jerry,Ochs,Sales,3642
361,Inga,Kosey,Production,3320
362,Jasmina,Sherrie,Production,1340
363,Fanny,Lutero,Production,3727
364,Miquela,Bibi,Production,3039
365,Teriann,Wandie,Sales,4327
366,Fanny,Merell,Sales,4394
367,Xylina,Therine,Sales,3153
368,Clo,Schenck,Marketing,1403
369,Barbi,Suk,Sales,1881
370,Maye,Greenwald,Production,4503
371,Modestia,Ochs,Production,4937
372,Kara-Lynn,Israeli,Production,3739
373,Tami,Adamsen,Marketing,4931
374,Eve,Tamsky,Production,2837
375,Merry,Lory,Production,3045
376,Rhoda,Lissi,Production,1149
377,Jeanna,Jotham,Marketing,3823
378,Angelique,Howlyn,Production,3098
379,Alejandra,Emanuel,Production,4828
380,Letizia,Harned,Marketing,2120
381,Rozele,Guthrie,Production,2026
382,Maisey,Raul,Marketing,2023
383,Christian,Agle,Sales,3790
384,Bobbi,Oscar,Production,2717
385,Annice,Barbey,Production,3041
386,Carlie,Alejoa,Production,2972
387,Misha,Dituri,Sales,2500
388,Brietta,Ivens,Marketing,1474
389,Layla,Elisha,Marketing,1327
390,Lusa,Johnsson,Sales,1667
391,Randa,O'Rourke,Production,3335
392,Misha,Valoniah,Marketing,2185
393,Adore,Colleen,Sales,2937
394,Raf,Hermes,Production,3787
395,Hayley,Roxanna,Sales,4189
396,Jennica,Hertzfeld,Marketing,1571
397,Lilith,Dannye,Marketing,3974
398,Sandie,Anastatius,Production,3502
399,Lexine,Jobi,Marketing,3227
400,Chastity,Cath,Production,4711
401,Annice,Hutchison,Sales,4001
402,Genovera,Firmin,Production,3337
403,Dulcinea,Rodmann,Sales,4427
404,Wendi,Goerke,Marketing,1983
405,Jaime,Cimbura,Marketing,4727
406,Yetty,Kare,Production,4758
407,Aaren,Parette,Marketing,3165
408,Kaja,Shelba,Sales,1534
409,Carolina,Kalinda,Production,4319
410,Sissy,Chapland,Marketing,1155
411,Melodie,Rhu,Marketing,4519
412,Raquela,Ackerley,Marketing,4468
413,Imojean,Celestine,Marketing,1130
414,Suzette,Engdahl,Sales,3062
415,Tressa,Ethban,Production,1929
416,Thalia,Adlare,Sales,3696
417,Oona,Ricarda,Sales,3186
418,Janenna,Cookie,Marketing,3770
419,Celisse,Forrer,Marketing,1606
420,Pearline,Beebe,Production,1651
421,Orsola,Mehalek,Sales,1001
422,Clementine,Trinetta,Sales,1848
423,Goldie,Cressida,Sales,2146
424,Cristabel,Louanna,Marketing,4288
425,Aurore,Abram,Marketing,2127
426,Christal,Fleeta,Sales,1324
427,Calla,Colp,Sales,1631
428,Selma,Silvan,Production,3483
429,Tomasina,Imelida,Production,1212
430,Clementine,Corabella,Production,1497
431,Cathie,Cordi,Marketing,4792
432,Gerrie,Tyson,Marketing,2842
433,Valera,Lumbard,Marketing,1679
434,Odessa,Kirbee,Sales,2372
435,Viviene,Paine,Marketing,3921
436,Helsa,Konyn,Sales,4439
437,Morganica,Persse,Marketing,2189
438,Julieta,Munn,Production,3151
439,Evita,Pernick,Production,1534
440,Evita,Ferino,Sales,4914
441,Brandise,Amand,Production,3352
442,Nelle,Pitt,Production,4805
443,Nollie,Chapland,Production,3232
444,Gilligan,Kevon,Marketing,1353
445,Bettine,Ulphia,Marketing,1974
446,Linet,Kellby,Sales,2755
447,Queenie,Kevon,Sales,4904
448,Willetta,Revkah,Sales,2127
449,Cecile,Alfons,Marketing,4680
450,Brianna,Leonard,Marketing,2347
451,Consuela,Harl,Production,2252
452,Amii,Malina,Marketing,3003
453,Fidelia,Wildermuth,Marketing,2476
454,Clementine,Helfand,Production,4895
455,Genovera,Craggie,Marketing,4907
456,Berta,Seligman,Sales,1246
457,Brietta,Sancho,Production,4309
458,Jillayne,Carvey,Production,1547
459,Brietta,Grimbly,Production,1074
460,Atlanta,Niccolo,Production,2759
461,Nollie,Ricarda,Production,1219
462,Janis,Fillbert,Sales,3940
463,Vevay,Pascia,Production,2199
464,Rosaline,Dielu,Marketing,2327
465,Margarette,Marsden,Marketing,1469
466,Alyssa,Tacye,Sales,3702
467,Shirlee,Alarise,Marketing,4273
468,Bernie,Hirsch,Marketing,3020
469,Dode,Ramona,Sales,2898
470,Jany,Judye,Production,1764
471,Brooks,Bertold,Production,2359
472,Marsiella,Karl,Sales,4224
473,Dede,Terencio,Sales,1553
474,Melanie,Hutchison,Marketing,4059
475,Betta,Nerita,Marketing,4685
476,Tina,Atonsah,Production,1700
477,Cristabel,Dorcy,Sales,4955
478,Helena,Lesley,Sales,4454
479,Jeanna,Dowski,Marketing,4199
480,Harrietta,Engdahl,Sales,4532
481,Corry,Isacco,Production,4927
482,Verla,Irmine,Production,2274
483,Maye,Elvyn,Sales,3416
484,Zaria,Joeann,Marketing,3166
485,Miquela,Bates,Production,2590
486,Norine,Rolf,Sales,1567
487,Hyacinthe,Land,Sales,4620
488,Luci,Maurine,Sales,2262
489,Harmonia,Lunsford,Sales,3044
490,Albertina,Lindemann,Production,3340
491,Ira,Tybald,Marketing,3757
492,Anica,Arvo,Production,4073
493,Anthia,Roarke,Production,1001
494,Phylis,Romelda,Production,1045
495,Lorne,Dannye,Marketing,4955
496,Rubie,Ochs,Sales,3360
497,Debee,Dorcy,Production,4200
498,Evaleen,Audly,Sales,3055
499,Judy,Sholley,Marketing,3686
500,Jany,Rugen,Production,4766
501,Betta,Breed,Marketing,1473
502,Gwenneth,Edvard,Marketing,2028
503,Myriam,Albertine,Production,2648
504,Dorene,Krystle,Marketing,2616
505,Hildegaard,Weaks,Marketing,1725
506,Valli,Nadia,Production,4179
507,Ann-Marie,Rudolph,Sales,4487
508,Selia,Estella,Sales,4837
509,Ethel,Montgomery,Sales,3684
510,Moyna,Tillford,Marketing,1490
511,Edee,Montgomery,Marketing,2743
512,Genevra,Alva,Sales,2888
513,Ebonee,Sothena,Production,4057
514,Zondra,Merell,Marketing,4743
515,Rosaline,Rosemary,Marketing,3001
516,Ethel,Xerxes,Production,1992
517,Marguerite,Noam,Production,3959
518,Chere,Berard,Sales,3530
519,Shannah,Korey,Sales,2308
520,Yvonne,Masao,Sales,1168
521,Ginnie,Torray,Marketing,1249
522,Cassandra,Karna,Sales,4578
523,Fawne,Alarise,Production,3357
524,Rosaline,Paine,Production,2002
525,Chrystel,Annice,Production,3869
526,Felice,Odell,Production,4153
527,Phylis,Gwenore,Sales,4029
528,Melodie,Hewitt,Marketing,2373
529,Kellen,Radu,Sales,3290
530,Dale,Bevin,Marketing,3546
531,Lizzie,Tamar,Production,2070
532,Drucie,Kristi,Marketing,1732
533,Ulrike,Lanita,Marketing,1176
534,Patricia,Kunin,Marketing,3697
535,Renie,Milson,Sales,4708
536,Barbara,Eben,Sales,2739
537,Imojean,Avi,Marketing,3962
538,Ayn,Buffum,Production,3025
539,Olivette,Dorine,Production,3536
540,Corene,Emmaline,Marketing,3939
541,Therine,Sheedy,Production,1159
542,Arlina,Chobot,Sales,2908
543,Steffane,Wandie,Production,3880
544,Sherrie,Moina,Marketing,2441
545,Johna,Christal,Production,1220
546,Liana,Bigner,Production,1678
547,Phylis,Astra,Marketing,4909
548,Nikki,Cherianne,Marketing,3889
549,Fernande,Creamer,Sales,4579
550,Paule,Giff,Production,1376
551,Joy,Tacye,Production,1430
552,Maisey,Gale,Production,3792
553,Sidoney,Estella,Sales,3450
554,Phedra,Levey,Sales,4705
555,Margarette,Afton,Production,1148
556,Fanchon,Pip,Marketing,4565
557,Coral,Francyne,Marketing,4880
558,Emilia,Cherianne,Sales,2749
559,Augustine,Tamar,Sales,4988
560,Elie,Denis,Marketing,1877
561,Hettie,Wyn,Sales,1884
562,Ida,Raama,Marketing,4325
563,Micheline,Cadmar,Sales,2703
564,Meg,Han,Sales,1895
565,Carree,Brotherson,Marketing,1033
566,Sherrie,Brackely,Marketing,2159
567,Melanie,Leler,Marketing,4408
568,Riannon,Gillan,Sales,3674
569,Eolanda,Emmy,Sales,1430
570,Drucie,Sancho,Sales,3232
571,Florencia,Sheng,Marketing,2475
572,Dorice,Gaspard,Production,3186
573,Carmela,Sandye,Sales,2901
574,Jobi,Claudine,Sales,3730
575,Cristabel,Eben,Marketing,2705
576,Ida,Kathie,Production,2471
577,Darci,Kevon,Marketing,1535
578,Ofilia,Jethro,Marketing,3373
579,Alleen,Madaih,Sales,1793
580,Mary,Zina,Sales,1354
581,Amii,Felizio,Sales,4285
582,Maisey,Karna,Production,3138
583,Valeda,Tamsky,Sales,3695
584,Belinda,Pandolfi,Marketing,2328
585,Dulcinea,Turne,Sales,1219
586,Berget,Ariella,Marketing,3180
587,Dode,Morgun,Marketing,3215
588,Giustina,Dom,Production,3905
589,Melisent,Pandolfi,Marketing,3152
590,Adelle,Lorenz,Production,4820
591,Daryl,Jerald,Sales,1070
592,Kellen,Raul,Production,2144
593,Luci,Maxi,Production,2050
594,Sybille,Forrer,Production,1342
595,Patricia,Dom,Production,4904
596,Evaleen,Lauraine,Marketing,2820
597,Reeba,Latini,Production,1541
598,Perry,Moina,Marketing,4521
599,Bee,Granoff,Production,2917
600,Roberta,Drisko,Sales,3681
601,Darci,Burch,Sales,4057
602,Cyb,Buttaro,Sales,1750
603,Clementine,Audly,Sales,3600
604,Ida,Slifka,Marketing,4617
605,Anthia,Croix,Production,4625
606,Sibella,Katrine,Production,3282
607,Marylou,Ventre,Sales,1122
608,Daryl,Orelee,Sales,2228
609,Kate,Bevin,Sales,4817
610,Elise,Rosette,Sales,2320
611,Clarice,Isidore,Marketing,2161
612,Stevana,Naashom,Production,2027
613,Alameda,Zeeba,Marketing,3832
614,Annaliese,Mayeda,Marketing,1582
615,Esmeralda,Henebry,Marketing,4478
616,Feliza,Hebner,Marketing,1982
617,Gaylene,Suzetta,Sales,4993
618,Abbie,Mayeda,Sales,4468
619,Lila,Brian,Production,2974
620,Georgina,Bakerman,Production,1025
621,Tybie,Lymann,Sales,3858
622,Caressa,Kimmie,Sales,4636
623,Annice,McLaughlin,Marketing,2012
624,Cristabel,Linehan,Marketing,3533
625,Adriana,Kat,Marketing,2564
626,Doralynne,Vastah,Marketing,1862
627,Letizia,Maroney,Production,4420
628,Perry,Margret,Sales,4450
629,Concettina,Kinnard,Production,1840
630,Ardys,Stoller,Production,4252
631,Fanchon,Erb,Production,2085
632,Shannah,Heisel,Production,4403
633,Kial,Raseda,Production,2495
634,Ariela,Gahl,Sales,1054
635,Nelle,Pip,Sales,3205
636,Karina,Melan,Sales,1019
637,Doro,Gordon,Production,3889
638,Queenie,Smitt,Sales,3613
639,Jobi,Kosey,Production,1735
640,Fina,Mallon,Production,3737
641,Kylynn,Marcellus,Marketing,4624
642,Jan,Phyllis,Production,4802
643,Dale,Bethany,Marketing,4682
644,Blake,Nickola,Marketing,3722
645,Flo,Phi,Production,4176
646,Christal,Hermes,Marketing,2789
647,Nita,Joni,Sales,3146
648,Abbie,Cadmar,Production,4293
649,Aaren,Cutlerr,Sales,2666
650,Millie,Wind,Marketing,1513
651,Hollie,Rosemary,Marketing,3375
652,Elbertina,Remmer,Production,2132
653,Aurore,Mott,Production,3712
654,Aimil,Lesley,Production,1332
655,Lulita,Fancie,Marketing,4302
656,Gerianna,Milde,Marketing,2402
657,Benita,Jalbert,Sales,2607
658,Odessa,Bollay,Sales,1251
659,Stevana,Nester,Production,3171
660,Fayre,Remmer,Marketing,1047
661,Kittie,Center,Sales,2073
662,Dulce,Fleeta,Marketing,1736
663,Vere,Mandler,Production,2109
664,Zaria,Tippets,Production,2382
665,Anestassia,Tamsky,Marketing,2616
666,Donetta,Blase,Sales,1064
667,Livvyy,Linskey,Sales,3769
668,Marti,Therine,Production,3559
669,Joelly,Jacobah,Production,2968
670,Chastity,Fredi,Sales,3414
671,Arabel,Esmaria,Marketing,4815
672,Elfreda,Riordan,Marketing,4349
673,Malina,Maiah,Sales,3053
674,Jemie,Aprile,Sales,2975
675,Esmeralda,Persse,Production,3720
676,Janenna,Leopold,Sales,3077
677,Caritta,Cadmar,Marketing,1507
678,Miquela,Phi,Sales,1515
679,Annice,Lytton,Production,2675
680,Lulita,Guildroy,Marketing,1272
681,Gwyneth,Means,Sales,2012
682,Yvonne,Blase,Marketing,2013
683,Britni,Cecile,Sales,3110
684,Alie,Schonfeld,Sales,2489
685,Mellicent,Iiette,Marketing,1908
686,Belva,Mich,Production,1673
687,Vevay,Penelopa,Sales,3389
688,Mary,Jarib,Sales,1830
689,Modestia,Mike,Sales,4804
690,Karlee,Couture,Sales,3474
691,Sue,Friede,Sales,1899
692,Susan,Genna,Sales,4495
693,Adele,Weaks,Marketing,1751
694,Rivalee,Rubie,Sales,1055
695,Vonny,Creamer,Marketing,2077
696,Reeba,Tristram,Production,4035
697,Concettina,Harriman,Marketing,2667
698,Beth,Anton,Sales,4238
699,Glenda,Faria,Sales,1237
700,Annice,Jethro,Sales,2629
701,Jsandye,Olin,Sales,1947
702,Larine,Destinee,Production,4846
703,Ronna,Teryn,Marketing,2642
704,Chrystel,Ajay,Production,2131
705,Wileen,Lia,Marketing,1291
706,Julieta,Zaslow,Production,3520
707,Ginnie,Telfer,Sales,4042
708,Rosene,Stelle,Production,2529
709,Reeba,Billye,Production,1546
710,Kamilah,Ledah,Marketing,2689
711,Netty,Nickola,Sales,1221
712,Pollyanna,Mauer,Production,3305
713,Deane,Camden,Marketing,4876
714,Kirstin,Wenoa,Production,1206
715,Jeanna,Wattenberg,Production,4348
716,Janey,Izaak,Sales,3317
717,Phylis,Randene,Sales,1384
718,Rhea,Jagir,Sales,1096
719,Giustina,Nedrud,Sales,3828
720,Edee,Sheng,Marketing,3505
721,Doro,Kravits,Sales,2030
722,Sidoney,Nelsen,Sales,1335
723,Karena,Hathaway,Marketing,1069
724,Roz,Heidt,Production,2950
725,Gianina,Maroney,Production,4421
726,Danika,Hieronymus,Production,1586
727,Brana,Edvard,Production,2354
728,Elie,Gordon,Marketing,3543
729,Carilyn,Bebe,Marketing,4748
730,Hayley,Lorenz,Sales,3848
731,Aimil,Sharl,Production,3727
732,Rebeca,Rosette,Sales,4677
733,Janenna,Suzetta,Production,4327
734,Vere,Buckler,Sales,4712
735,Courtnay,Stelle,Sales,4418
736,Joy,Carey,Sales,4324
737,Berget,Madaih,Production,1968
738,Emma,Cutlerr,Production,2112
739,Jolyn,Marisa,Production,2139
740,Kristina,Libna,Marketing,1066
741,Lizzie,Havens,Sales,2030
742,Lonnie,Wildermuth,Sales,3310
743,Louella,Voletta,Sales,1123
744,Micheline,Norrie,Production,1560
745,Katuscha,Zitvaa,Production,4958
746,Lorne,Madaih,Sales,4061
747,Morganica,Toni,Sales,4189
748,Nyssa,Ardeha,Production,3795
749,Alyssa,Infield,Marketing,1711
750,Lulita,Rugen,Sales,1348
751,Jessamyn,Yerkovich,Production,3871
752,Elena,Fulmer,Marketing,4056
753,Beth,Bouchard,Production,2717
754,Celisse,Mendez,Sales,2549
755,Melisent,Leffen,Marketing,3016
756,Courtnay,Taima,Production,4933
757,Claresta,Behre,Sales,2954
758,Nikki,Willie,Production,4950
759,Flory,Cecile,Production,2350
760,Raina,Deegan,Sales,4997
761,Kaia,Idelia,Sales,2161
762,Karlee,Laurianne,Marketing,1341
763,Ivett,Fink,Marketing,1602
764,Neila,Jefferey,Marketing,2644
765,Miquela,Cleo,Sales,2106
766,Nelle,Chaing,Marketing,2736
767,Kara-Lynn,Timon,Production,2696
768,Karina,Harday,Sales,4251
769,Luci,Catie,Sales,3563
770,Caryl,Telfer,Marketing,1783
771,Ulrike,Waldron,Marketing,4567
772,Agnese,Daniele,Production,3718
773,Ninnetta,Maryanne,Sales,1900
774,Konstance,Ashok,Marketing,1139
775,Peri,Fink,Production,1084
776,Charlena,Poppy,Production,4608
777,Lilith,Holbrook,Sales,4370
778,Rosanne,Argus,Marketing,4911
779,Ginnie,Sancho,Marketing,2367
780,Inga,Randene,Production,2129
781,Mahalia,Rebecka,Marketing,4577
782,Stephanie,Brandice,Production,3371
783,Sarette,McLaughlin,Marketing,4640
784,Dulce,Yusuk,Marketing,2110
785,Lulita,Barbey,Sales,4297
786,Lizzie,Sperling,Marketing,2824
787,Doralynne,Eugenia,Marketing,1300
788,Cacilie,Nahum,Sales,1602
789,Lily,Schlosser,Sales,2112
790,Gilligan,Lauraine,Sales,1097
791,Aeriela,Faro,Marketing,1642
792,Ernesta,Dunkin,Marketing,2239
793,Annabela,Maryanne,Sales,2926
794,Courtnay,Loleta,Production,2810
795,Kary,Capello,Production,1072
796,Ira,Wareing,Production,4433
797,Elsie,Mullane,Marketing,1245
798,Minne,Daveta,Production,1475
799,Henriette,Sandye,Sales,4879
800,Roz,Alwin,Production,2086
801,Meriel,Seagraves,Marketing,4481
802,Gilda,Hamil,Marketing,4841
803,Jere,Iaverne,Marketing,4765
804,Kayla,McNully,Sales,3416
805,Roseline,Natalia,Marketing,3575
806,Glenda,Israeli,Marketing,3003
807,Dorthy,Ezar,Sales,1602
808,Chandra,Teryn,Sales,4629
809,Dolli,Merell,Production,4521
810,Cassondra,Alva,Marketing,1179
811,Katleen,Devlen,Production,4714
812,Annabela,Dominy,Marketing,1614
813,Nelle,Colp,Marketing,2421
814,Joceline,Selway,Sales,3869
815,Daune,Berl,Production,1041
816,Blinni,Charmine,Production,3460
817,Averyl,Zamora,Sales,2354
818,Briney,Vittoria,Sales,3990
819,Norine,Tippets,Sales,3930
820,Katuscha,Emanuel,Sales,1694
821,Christal,Ariella,Marketing,3170
822,Larine,Dielu,Marketing,1861
823,Wilma,Jena,Sales,1060
824,Amelia,Madelene,Production,4991
825,Sophia,Bouchard,Sales,1501
826,Deirdre,Vary,Production,3435
827,Merry,Chem,Sales,4085
828,Lanae,Tillford,Sales,3542
829,Marika,Talia,Production,1757
830,Althea,Freddi,Marketing,4852
831,Netty,Engdahl,Production,1772
832,Asia,Corrine,Sales,1188
833,Anthia,Raul,Sales,2021
834,Collen,Marden,Production,2793
835,Allis,Saree,Marketing,1024
836,Ginnie,Cristi,Production,3199
837,Mathilda,Friede,Sales,1222
838,Amelia,Talia,Marketing,1418
839,Emma,Garbe,Marketing,3941
840,Annora,Dominy,Production,4890
841,Deane,McGrody,Marketing,4955
842,Elyssa,Krystle,Production,4212
843,Aaren,Stover,Production,4757
844,Elora,Muriel,Marketing,2829
845,Silvana,Raimondo,Production,4212
846,Merry,Magnolia,Marketing,3617
847,Lory,Bord,Production,2231
848,Nickie,Gilbertson,Marketing,2656
849,Caritta,Codding,Production,4508
850,Nannie,Kamaria,Production,1124
851,Allyce,Prouty,Sales,3840
852,Alisha,McCutcheon,Production,1209
853,Jasmina,Nahum,Production,2593
854,Steffane,Garlinda,Production,3676
855,Aurelie,Buffum,Sales,1499
856,Hyacinthe,Ashely,Marketing,1547
857,Joy,Halla,Sales,1597
858,Ricky,Brieta,Marketing,1330
859,Sybille,Felecia,Marketing,4267
860,Sharlene,Lamoree,Production,1412
861,Fina,Sallyann,Marketing,1810
862,Bettine,Pierette,Production,4231
863,Madalyn,Sundin,Marketing,2968
864,Roslyn,Carvey,Marketing,3288
865,Madelle,Kellby,Marketing,1692
866,Mathilda,Pyle,Production,2041
867,Jordan,Urias,Sales,4448
868,Di,Annabella,Sales,4517
869,Gisela,Thornburg,Production,2123
870,Clementine,Jacinda,Production,3465
871,Sarette,Gillan,Marketing,2864
872,Dorice,Edmund,Production,2289
873,Carmencita,Letsou,Sales,1116
874,Fayre,Wyn,Production,1850
875,Ileana,Serilda,Production,2666
876,Codie,Bonucci,Sales,4422
877,Gwenneth,Pandolfi,Marketing,4954
878,Charmaine,Roscoe,Marketing,4316
879,Blake,Halla,Sales,3495
880,Alexine,Vernier,Marketing,3309
881,Mureil,Kravits,Production,2645
882,Felice,Leifeste,Marketing,1992
883,Marinna,Shama,Sales,3225
884,Celestyna,Alva,Production,4802
885,Lanna,Thornburg,Production,4418
886,Corly,Randene,Marketing,4716
887,Aubrie,Madox,Marketing,1805
888,Renae,Chem,Production,1055
889,Arlina,Kussell,Production,1227
890,Ayn,Barbey,Marketing,2631
891,Orsola,Lenny,Production,2949
892,Dorice,Argus,Production,1004
893,Valeda,Nelsen,Sales,4285
894,Sybille,Franza,Sales,2891
895,Rhea,Bryna,Production,1510
896,Brooks,Ambrosia,Sales,3436
897,Elyssa,Eugenia,Marketing,2092
898,Lucille,Prouty,Production,4227
899,Peri,Franza,Sales,1285
900,Lorne,Velick,Production,3986
901,Juliane,Daveta,Marketing,2792
902,Cordi,Adrienne,Sales,1162
903,Johna,Magdalen,Marketing,3333
904,Deane,Vastah,Production,3728
905,Dorthy,Garek,Sales,2834
906,Raina,Lattie,Sales,3352
907,Kara-Lynn,Narton,Production,4495
908,Angelique,Grimbly,Production,4375
909,Merrie,Seessel,Marketing,2500
910,Allis,Gaulin,Production,2118
911,Danika,Gavrila,Marketing,4968
912,Gwenneth,Marlie,Production,3712
913,Malina,Ricarda,Sales,3713
914,Brooks,Medrek,Production,3558
915,Annora,Casimir,Sales,3377
916,Zia,Justinn,Marketing,3194
917,Jemie,Trinetta,Sales,1867
918,Annabela,Reneta,Sales,1579
919,Elyssa,Bakerman,Production,2813
920,Brynna,Medrek,Marketing,1520
921,Addia,Flyn,Production,2989
922,Danny,Timon,Marketing,2680
923,Bettine,Geffner,Marketing,3775
924,Rani,Ciro,Sales,4597
925,Lanna,Weaks,Marketing,1764
926,Dode,Katrine,Marketing,1514
927,Cordi,Juliet,Production,1630
928,Babita,Hanleigh,Production,3535
929,Tonia,Bronk,Production,3629
930,Yetty,Florina,Sales,1932
931,Audrie,Alabaster,Sales,3967
932,Collen,Seumas,Production,4519
933,Beatriz,Kress,Sales,4868
934,Ginnie,Stover,Sales,4833
935,Penelopa,Lauraine,Sales,2722
936,Karina,Quent,Sales,3113
937,Violet,Gower,Sales,1098
938,Aaren,Voletta,Production,3170
939,Chere,Durware,Sales,1182
940,Dawn,Horan,Marketing,4341
941,Roslyn,Malvino,Marketing,4044
942,Edyth,Ralfston,Marketing,3825
943,Roseline,Gunn,Sales,1971
944,Reeba,Timon,Sales,2236
945,Alisha,Munn,Production,3062
946,Alyda,Kendrick,Production,1362
947,Peri,Aldric,Production,3793
948,Janey,Riordan,Marketing,3424
949,Lucille,Thunell,Marketing,3589
950,Luci,Laurianne,Marketing,2726
951,Chickie,Maxi,Production,2631
952,Tami,Pandolfi,Sales,1980
953,Candy,Granoff,Production,1083
954,Lonnie,Tjon,Sales,3618
955,Caressa,Waldron,Marketing,4992
956,Kaia,Yate,Marketing,4332
957,Lenna,Schlosser,Marketing,4199
958,Ofilia,Pauly,Production,2828
959,Rosabelle,Gower,Sales,1818
960,Elfreda,Bonilla,Marketing,1742
961,Arlena,Carlson,Production,4959
962,Monika,Millda,Production,2650
963,Alyda,Wyn,Production,4610
964,Jan,Kannry,Production,4350
965,Constance,Larochelle,Production,3166
966,Perry,Kristi,Sales,1108
967,Shauna,Rosemary,Marketing,2119
968,Doralynne,Virgin,Production,2441
969,Raf,Felizio,Sales,1087
970,Fred,Ax,Sales,1900
971,Elmira,Euridice,Sales,1331
972,Amelia,Serilda,Marketing,3462
973,Fawne,Margret,Sales,3797
974,Justinn,Kenney,Sales,4278
975,Ayn,Fredi,Sales,2375
976,Christian,Anestassia,Marketing,2986
977,Rosanne,Roarke,Marketing,2465
978,Noelle,Anderea,Marketing,2772
979,Iseabal,Clarissa,Marketing,2054
980,Celene,Harday,Sales,3826
981,Myrtice,Lymann,Production,3623
982,Renie,Georas,Sales,4338
983,Netty,Waite,Production,4295
984,Trixi,Schlosser,Marketing,1862
985,Amara,Celestine,Sales,3460
986,Bernie,Truc,Sales,4276
987,Ermengarde,Delila,Marketing,4165
988,Marylou,Stephie,Sales,4063
989,Vita,Jacobah,Production,4959
990,Cathyleen,Carolin,Marketing,4336
991,Roxane,Magdalen,Sales,2799
992,Elena,Ricarda,Sales,3707
993,Arabel,Melan,Sales,4500
994,Alejandra,Maisey,Sales,4722
995,Pamella,Yate,Production,1351
996,Fidelia,Kussell,Production,2232
997,Perry,Anis,Sales,1855
998,Romona,Ader,Marketing,3098
999,Bobbi,Septima,Sales,2066
1000,Leia,Sawtelle,Marketing,4611
1001,Cristine,Sheedy,Sales,1458
1002,Cathyleen,Fink,Sales,2824
1003,Basia,Olympium,Production,2211
1004,Lexine,Hurley,Sales,3097
1005,Tori,Merriott,Sales,4730
1006,Kellen,Frendel,Production,1487
1007,Eve,Suzetta,Production,1668
1008,Chastity,Lasley,Production,1586
1009,Meriel,Cleavland,Marketing,1502
1010,Shel,Denis,Production,2175
1011,Zaria,Agle,Marketing,1535
1012,Jenda,Lacombe,Sales,3183
1013,Beverley,Nikaniki,Marketing,2303
1014,Kerrin,Nore,Marketing,2751
1015,Kylynn,Meter,Marketing,2201
1016,Gusella,Belanger,Sales,2179
1017,Fernande,Ventre,Marketing,1283
1018,Melanie,Alice,Marketing,2080
1019,Priscilla,Rozanna,Marketing,2741
1020,Carol-Jean,Beebe,Production,2282
1021,Shandie,Ardeha,Marketing,4981
1022,Chickie,Bethany,Sales,3720
1023,Zondra,Wallis,Sales,2789
1024,Alia,Reidar,Sales,1516
1025,Nananne,Hillel,Marketing,2669
1026,Myrtice,Hillel,Sales,1991
1027,Charissa,Arvo,Sales,3919
1028,Glenda,Cassius,Production,4575
1029,Chandra,Kosey,Marketing,2084
1030,Riannon,Lanita,Production,2966
1031,Raina,Gusella,Marketing,1192
1032,Sabina,Idelia,Marketing,1288
1033,Rebeca,Daegal,Production,2013
1034,Brietta,Schenck,Marketing,2816
1035,Zsa Zsa,Cristi,Sales,3503
1036,Leontine,Hanleigh,Sales,1772
1037,Robinia,Adalbert,Production,1714
1038,Fawne,Bahr,Sales,1345
1039,Arlina,An,Sales,4843
1040,Lizzie,Dahlia,Production,3481
1041,Jenda,Astra,Sales,3619
1042,Belva,Erich,Marketing,2754
1043,Selma,Adlare,Sales,4454
1044,Britni,Cadmar,Marketing,4839
1045,Christy,Zetta,Sales,4775
1046,Rebeca,Colp,Sales,4698
1047,Zia,Freddi,Sales,2405
1048,Cathie,Flita,Sales,3647
1049,Gilligan,Francyne,Sales,4309
1050,Cam,Marden,Sales,2511
1051,Sam,Richers,Sales,4193
1052,Myrtice,Ramona,Production,4437
1053,Stacey,Vivle,Production,4926
1054,Dorothy,Thilda,Marketing,3236
1055,Beatriz,Naor,Sales,2352
1056,Giustina,Suanne,Marketing,4360
1057,Brianna,Elephus,Production,4022
1058,Ann-Marie,Nance,Marketing,1655
1059,Claudina,Mallon,Marketing,4829
1060,Shel,Vilma,Production,3910
1061,Claudina,Janith,Sales,1146
1062,Roxane,Judye,Marketing,1988
1063,Libbie,Amadas,Sales,2675
1064,Fayre,Zetta,Sales,4408
1065,Merci,Anton,Production,1914
1066,Gwyneth,Gale,Sales,4101
1067,Roz,Peti,Marketing,4102
1068,Veda,Leifeste,Production,2797
1069,Andeee,Reneta,Marketing,4133
1070,Concettina,Corabella,Production,1193
1071,Binny,Dunkin,Production,4892
1072,Glenda,Plato,Production,2800
1073,Ira,Thomasina,Production,2809
1074,Teddie,Kolnick,Marketing,1972
1075,Amara,Fiann,Marketing,2968
1076,Myrtice,Selway,Production,1858
1077,Ardys,Longfellow,Marketing,3402
1078,Desirae,Colbert,Production,3419
1079,Betta,Brieta,Production,3204
1080,Mignon,Ader,Sales,4429
1081,Fanchon,Sidonius,Sales,2125
1082,Brana,Yusuk,Marketing,2424
1083,Paola,Rhu,Marketing,3564
1084,Kaja,Ricarda,Production,1676
1085,Belinda,Erminia,Production,3661
1086,Jacenta,Vorster,Sales,4076
1087,Linet,Shanley,Marketing,3924
1088,Melanie,Marden,Sales,4176
1089,Selia,Suk,Production,2941
1090,Elora,Gombach,Sales,1574
1091,Jordan,Kristi,Production,3081
1092,Vonny,Burch,Production,2560
1093,Vevay,Morrill,Marketing,3460
1094,Rosanne,Trace,Production,2545
1095,Kelly,Roumell,Sales,4032
1096,Veda,Tound,Marketing,4709
1097,Jenilee,Eachern,Sales,2575
1098,Maud,Mich,Sales,2409
1099,Viviene,Seumas,Production,4918